<Skin name="Basic Audio" version="5" width="1024" height="768">
<copyright>- (c)2001-2006 - Atomix Productions -</copyright>

***************************************************************************************

	TOP

***************************************************************************************

<grabzone>
	<size width="1024" height="19"/>
	<pos x="0" y="0"/>
</grabzone>

<logo>
  <size width="0" height="17"/>
  <pos x="9" y="1"/>
</logo>

<rhythm>
	<size width="958" height="51"/>
	<pos x="33" y="25"/>
	<chan1_active1 x="+0" y="+1197" />
	<both_active1 x="+0" y="+1281"/>
	<chan2_active1 x="+0" y="+1365" />
	<chan2_active2 x="+0" y="+1965" />
	<both_active2 x="+0" y="+2049"/>
	<chan1_active2 x="+0" y="+2133" />
	<grid1 width="5" mainwidth="11">
		<size width="958" height="9"/>
		<pos x="33" y="77"/>
		<active1 x="+0" y="+1197"/>
		<active2 x="+0" y="+2133"/>
	</grid1>
	<grid2 width="5" mainwidth="11">
		<size width="958" height="9"/>
		<pos x="33" y="87"/>
		<active1 x="+0" y="+1365"/>
		<active2 x="+0" y="+1965"/>
	</grid2>
	<cue1>
	  <size width="958" height="51"/>
	  <pos x="33" y="25"/>
	  <down x="+0" y="+1197"/>
	  <mask x="712" y="2879" width="9" height="10"/>
	  <text dx="9" dy="0" font="Virtual DJ" size="10" color="#B0E0FF"/>
	</cue1>
	<cue2>
	  <size width="958" height="51"/>
	  <pos x="33" y="25"/>
	  <down x="+0" y="+1965"/>
	  <mask x="712" y="2879" width="9" height="10"/>
	  <text dx="9" dy="0" font="Virtual DJ" size="10" color="#FF6868"/>
	</cue2>
</rhythm>

<button action="settings">
	<size width="49" height="15"/>
	<pos x="869" y="3"/>
	<selected x="+0" y="+768"/>
	<over x="+0" y="+1536"/>
	<down x="+0" y="+2304"/>
</button>

<button action="minimize">
	<size width="24" height="14"/>
	<pos x="936" y="3"/>
	<selected x="+0" y="+768"/>
	<over x="+0" y="+1536"/>
	<down x="+0" y="+2304"/>
</button>
<button action="maximize">
	<size width="24" height="14"/>
	<pos x="964" y="3"/>
	<selected x="+0" y="+768"/>
	<over x="+0" y="+1536"/>
	<down x="+0" y="+2304"/>
</button>
<button action="close">
	<size width="24" height="14"/>
	<pos x="992" y="3"/>
	<selected x="+0" y="+768"/>
	<over x="+0" y="+1536"/>
	<down x="+0" y="+2304"/>
</button>

<button action="edit_bpm" chan="1">
	<pos x="442" y="0"/>
	<size width="34" height="19"/>
	<selected x="+0" y="+768"/>
	<over x="+0" y="+1536"/>
	<down x="+0" y="+2304"/>
</button>

<visual source="automix">
	<pos x="478" y="0"/>
	<size width="68" height="19"/>
	<down x="+0" y="+768"/>
</visual>

<button action="edit_bpm" chan="2">
	<pos x="547" y="0"/>
	<size width="34" height="19"/>
	<selected x="+0" y="+768"/>
	<over x="+0" y="+1536"/>
	<down x="+0" y="+2304"/>
</button>

<textzone resetcounter="true">
	<size width="65" height="13"/>
	<pos x="693" y="3"/>
	<text font="LCD" size="13" color="#FFFFFF" align="left" weight="bold" format="%fullhour"/>
	<text2 font="LCD" size="13" color="#FFFFFF" align="left" weight="bold" format="%counter"/>
</textzone>

<slider action="zoom" orientation="vertical" dblclick="reset" rightclick="temporary" direction="down">
	<size width="5" height="45"/>
	<pos x="15" y="30"/>
	<fader>
		<size width="5" height="7"/>
		<pos x="15" y="803"/>
	</fader>
</slider>

<button action="zoom" value="400" rightclick="temporary">
	<pos x="993" y="36"/>
	<size width="16" height="13"/>
	<selected x="+0" y="+768"/>
	<over x="+0" y="+1536"/>
	<down x="+0" y="+2304"/>
</button>

<button action="zoom" value="700" rightclick="temporary">
	<pos x="993" y="50"/>
	<size width="16" height="13"/>
	<selected x="+0" y="+768"/>
	<over x="+0" y="+1536"/>
	<down x="+0" y="+2304"/>
</button>

<button action="zoom" value="2048" rightclick="temporary">
	<pos x="993" y="64"/>
	<size width="16" height="13"/>
	<selected x="+0" y="+768"/>
	<over x="+0" y="+1536"/>
	<down x="+0" y="+2304"/>
</button>

<slider action="crossfader" orientation="horizontal" dblclick="reset" rightclick="temporary">
	<size width="63" height="17"/>
	<pos x="481" y="375"/>
	<fader>
		<size width="9" height="3"/>
		<pos x="517" y="1150"/>
	</fader>
</slider>
	
***************************************************************************************

	CHANNEL 1

***************************************************************************************

<dropzone chan="1">
	<size width="512" height="395"/>
	<pos x="0" y="20"/>
</dropzone>

## title

<textzone chan="1">
	<size width="374" height="20" geterrormessage="true"/>
	<pos x="10" y="110"/>
	<text font="Verdana" size="20" color="#FFFFFF" format="%author - %title" scroll="yes"/>
</textzone>

<textzone chan="1">
	<size width="65" height="16"/>
	<pos x="437" y="115"/>
	<text font="Verdana" size="16" color="#FFFFFF" weight="bold" align="right" format="%Pspent"><icon><size width="40" height="7"/><pos x="461" y="109"/><down x="+0" y="+768"/></icon></text>
	<text2 font="Verdana" size="16" color="#FFFFFF" weight="bold" align="right" format="%Pleft"><icon><size width="35" height="7"/><pos x="447" y="109"/><down x="+0" y="+1536"/></icon></text2>
</textzone>

<textzone chan="1">
	<size width="45" height="16"/>
	<pos x="392" y="115"/>
	<text font="Verdana" size="16" color="#FFFFFF" weight="bold" align="right" format="%Pbpm"><icon><size width="19" height="7"/><pos x="417" y="109"/><down x="+0" y="+768"/></icon></text>
	<text2 font="Verdana" size="16" color="#FFFFFF"  weight="bold" align="right" format="%Ppitch"><icon><size width="27" height="7"/><pos x="409" y="109"/><down x="+0" y="+1536"/></icon></text2>
</textzone>

## select

<button action="select" chan="1">
	<pos x="8" y="139"/>
	<size width="37" height="28"/>
	<selected x="+0" y="+768"/>
	<over x="+0" y="+1536"/>
	<down x="+0" y="+2304"/>
</button>

## songpos

<songpos chan="1" orientation="horizontal" rightclick="temporary" waveform="yes">
	<pos x="48" y="141"/>
	<size width="461" height="24"/>
	<volume x="41" y="2756"/>
	<down x="41" y="2785"/>
	<selected x="41" y="2814"/>
	<volumeselected x="41" y="2842"/>
	<upselected x="41" y="2871"/>
	<cues>
	  <size width="7" height="24"/>
	  <up x="701" y="2946"/>
	  <clipmask x="711" y="2946"/>
	  <over x="701" y="2973"/>
	  <down x="711" y="2973"/>
	</cues>
</songpos>

## pitch

<slider action="pitch" chan="1" orientation="vertical" dblclick="reset" rightclick="temporary" direction="down">
	<size width="12" height="183"/>
	<pos x="42" y="177"/>
	<fader>
		<size width="12" height="11"/>
		<pos x="42" y="979"/>
	</fader>
</slider>

<button action="pitch_reset" chan="1" dblclick="reset" rightclick="reset">
	<pos x="26" y="262"/>
	<size width="16" height="13"/>
	<selected x="+0" y="+768"/>
	<over x="+0" y="+1536"/>
	<down x="+0" y="+2304"/>
</button>

## loops

<button action="loop" value="-1" chan="1">
	<pos x="111" y="229"/>
	<size width="24" height="20"/>
	<selected x="+0" y="+768"/>
	<over x="+0" y="+1536"/>
	<down x="+0" y="+2304"/>
</button>

<button action="loop" chan="1" rightclick="temporary">
	<pos x="145" y="231"/>
	<size width="45" height="17"/>
	<selected x="+0" y="+768"/>
	<over x="+0" y="+1536"/>
	<down x="+0" y="+2304"/>
	<text dx="4" dy="3" width="24" font="Virtual DJ" size="10" color="#FFFFFF" align="center" format="%loop"/>
</button>
<button action="loop_select" chan="1">
	<pos x="174" y="231"/>
	<size width="16" height="17"/>
</button>

<button action="loop" value="+1" chan="1">
	<pos x="202" y="229"/>
	<size width="24" height="20"/>
	<selected x="+0" y="+768"/>
	<over x="+0" y="+1536"/>
	<down x="+0" y="+2304"/>
</button>

<button action="loop_in" value="auto" chan="1">
	<pos x="111" y="253"/>
	<size width="49" height="28"/>
	<selected x="+0" y="+768"/>
	<over x="+0" y="+1536"/>
	<down x="+0" y="+2304"/>
</button>

<button action="loop_out" value="auto" chan="1">
	<pos x="160" y="253"/>
	<size width="49" height="28"/>
	<selected x="+0" y="+768"/>
	<over x="+0" y="+1536"/>
	<down x="+0" y="+2304"/>
</button>

<button action="smart_loop" chan="1">
	<pos x="211" y="257"/>
	<size width="17" height="19"/>
	<selected x="+0" y="+768"/>
	<over x="+0" y="+1536"/>
	<down x="+0" y="+2304"/>
</button>

## hotcues

<button action="hotcue" value="1" rightclick="auto" chan="1">
	<pos x="110" y="315"/>
	<size width="33" height="25"/>
	<selected x="+0" y="+768"/>
	<over x="+0" y="+1536"/>
	<down x="+0" y="+2304"/>
</button>

<button action="hotcue" value="2" rightclick="auto" chan="1">
	<pos x="152" y="315"/>
	<size width="32" height="25"/>
	<selected x="+0" y="+768"/>
	<over x="+0" y="+1536"/>
	<down x="+0" y="+2304"/>
</button>

<button action="hotcue" value="3" rightclick="auto" chan="1">
	<pos x="194" y="315"/>
	<size width="33" height="25"/>
	<selected x="+0" y="+768"/>
	<over x="+0" y="+1536"/>
	<down x="+0" y="+2304"/>
</button>

## play/pause

<button action="pitch_bend" chan="1" value="-256 temporary">
	<pos x="13" y="377"/>
	<size width="30" height="23"/>
	<selected x="+0" y="+768"/>
	<over x="+0" y="+1536"/>
	<down x="+0" y="+2304"/>
</button>

<button action="pitch_bend" chan="1" value="+256 temporary">
	<pos x="47" y="377"/>
	<size width="30" height="23"/>
	<selected x="+0" y="+768"/>
	<over x="+0" y="+1536"/>
	<down x="+0" y="+2304"/>
</button>

<button action="cue_stop" chan="1" rightclick="auto">
	<pos x="106" y="368"/>
	<size width="76" height="30"/>
	<selected x="+0" y="+768"/>
	<over x="+0" y="+1536"/>
	<down x="+0" y="+2304"/>
</button>

<button action="pause_stop" chan="1" rightclick="auto">
	<pos x="182" y="368"/>
	<size width="84" height="30"/>
	<selected x="+0" y="+768"/>
	<over x="+0" y="+1536"/>
	<down x="+0" y="+2304"/>
</button>

<button action="play_stutter" chan="1" rightclick="auto">
	<pos x="266" y="368"/>
	<size width="84" height="30"/>
	<selected x="+0" y="+768"/>
	<over x="+0" y="+1536"/>
	<down x="+0" y="+2304"/>
</button>

<button action="sync" chan="1" rightclick="auto">
	<pos x="363" y="368"/>
	<size width="63" height="30"/>
	<selected x="+0" y="+768"/>
	<over x="+0" y="+1536"/>
	<down x="+0" y="+2304"/>
</button>

# turntable

<button action="key_lock" chan="1">
	<pos x="13" y="403"/>
	<size width="60" height="16"/>
	<selected x="+0" y="+768"/>
	<over x="+0" y="+1536"/>
	<down x="+0" y="+2304"/>
</button>

<pannel id="42" visible="timecode">
  <size width="36" height="39"/>
  <pos x="255" y="311"/>
  <up x="255" y="311"/>
  <down x="655" y="2975"/>
</pannel>
<button pannel="42" action="timecode_active" chan="1">
	<pos x="262" y="318"/>
	<size width="21" height="21"/>
	<up x="+400" y="+2664"/>
	<selected x="+0" y="+768"/>
	<over x="+0" y="+1536"/>
	<down x="+0" y="+2304"/>
</button>
<visual pannel="42" chan="1" type="linear" source="timecode" orientation="horizontal">
	<pos x="269" y="343"/>
	<size width="21" height="7"/>
	<up x="+400" y="+2664"/>
	<down x="+0" y="+768"/>
</visual>

<visual chan="1" type="rotation" source="rotation">
	<size width="43" height="43"/>
	<pos x="312" y="247"/>
	<down x="815" y="3061"/>
	<clipmask x="815" y="3015"/>
</visual>

<visual chan="1" type="transparent" source="rotation" factor="-3">
	<size width="134" height="134"/>
	<pos x="266" y="201"/>
	<down x="+0" y="+768"/>
	<clipmask x="723" y="2879"/>
</visual>

<visual chan="1" type="custom" source="position">
	<size width="96" height="132"/>
	<pos x="339" y="198"/>
	<down x="0" y="3194" nb="20" nbx="10" smooth="true"/>
	<clipmask x="860" y="3014"/>
</visual>

<scratch chan="1">
	<size width="134" height="134"/>
	<pos x="266" y="201"/>
	<mousemask x="858" y="2879"/>
</scratch>

# levels

<slider chan="1" action="gain" orientation="round" dblclick="reset" rightclick="auto">
	<size width="26" height="22"/>
	<pos x="469" y="191"/>
	<fader sensibility="100">
		<pos x="3" y="2914" nb="21"/>
	</fader>
</slider>

<visual chan="1" type="linear" source="vumeterleft" orientation="vertical" direction="up">
	<size width="8" height="129"/>
	<pos x="474" y="228"/>
	<down x="+0" y="+768"/>
</visual>
<visual chan="1" type="linear" source="vumeterright" orientation="vertical" direction="up">
	<size width="8" height="129"/>
	<pos x="482" y="228"/>
	<down x="+0" y="+768"/>
</visual>


***************************************************************************************

	CHANNEL 2

***************************************************************************************

<dropzone chan="2">
	<size width="512" height="395"/>
	<pos x="512" y="20"/>
</dropzone>

## title

<textzone chan="2">
	<size width="374" height="20" geterrormessage="true"/>
	<pos x="639" y="110"/>
	<text font="Verdana" size="20" color="#FFFFFF" align="right" format="%author - %title" scroll="yes"/>
</textzone>

<textzone chan="2">
	<size width="65" height="16"/>
	<pos x="521" y="115"/>
	<text font="Verdana" size="16" color="#FFFFFF" weight="bold" align="left" format="%Pspent"><icon><size width="40" height="7"/><pos x="535" y="109"/><down x="+0" y="+768"/></icon></text>
	<text2 font="Verdana" size="16" color="#FFFFFF" weight="bold" align="left" format="%Pleft"><icon><size width="35" height="7"/><pos x="521" y="109"/><down x="+0" y="+1536"/></icon></text2>
</textzone>

<textzone chan="2">
	<size width="45" height="16"/>
	<pos x="586" y="115"/>
	<text font="Verdana" size="16" color="#FFFFFF" weight="bold" align="right" format="%Pbpm"><icon><size width="19" height="7"/><pos x="611" y="109"/><down x="+0" y="+768"/></icon></text>
	<text2 font="Verdana" size="16" color="#FFFFFF"  weight="bold" align="right" format="%Ppitch"><icon><size width="27" height="7"/><pos x="603" y="109"/><down x="+0" y="+1536"/></icon></text2>
</textzone>

## select

<button action="select" chan="2">
	<pos x="978" y="139"/>
	<size width="37" height="28"/>
	<selected x="+0" y="+768"/>
	<over x="+0" y="+1536"/>
	<down x="+0" y="+2304"/>
</button>

## songpos

<songpos chan="2" orientation="horizontal" rightclick="temporary" waveform="yes">
	<pos x="515" y="141"/>
	<size width="461" height="24"/>
	<volume x="41" y="2756"/>
	<down x="41" y="2785"/>
	<selected x="506" y="2756"/>
	<volumeselected x="506" y="2785"/>
	<upselected x="506" y="2814"/>
	<cues>
	  <size width="7" height="24"/>
	  <up x="701" y="2946"/>
	  <clipmask x="711" y="2946"/>
	  <over x="701" y="2973"/>
	  <down x="711" y="2973"/>
	</cues>
</songpos>

## pitch

<slider action="pitch" chan="2" orientation="vertical" dblclick="reset" rightclick="temporary" direction="down">
	<size width="12" height="183"/>
	<pos x="969" y="177"/>
	<fader>
		<size width="12" height="9"/>
		<pos x="969" y="994"/>
	</fader>
</slider>

<button action="pitch_reset" chan="2" dblclick="reset" rightclick="reset">
	<pos x="983" y="262"/>
	<size width="16" height="13"/>
	<selected x="+0" y="+768"/>
	<over x="+0" y="+1536"/>
	<down x="+0" y="+2304"/>
</button>

## loops

<button action="loop" value="-1" chan="2">
	<pos x="799" y="229"/>
	<size width="24" height="20"/>
	<selected x="+0" y="+768"/>
	<over x="+0" y="+1536"/>
	<down x="+0" y="+2304"/>
</button>

<button action="loop" chan="2" rightclick="temporary">
	<pos x="834" y="231"/>
	<size width="45" height="17"/>
	<selected x="+0" y="+768"/>
	<over x="+0" y="+1536"/>
	<down x="+0" y="+2304"/>
	<text dx="4" dy="3" width="24" font="Virtual DJ" size="10" color="#FFFFFF" align="center" format="%loop"/>
</button>
<button action="loop_select" chan="2">
	<pos x="863" y="231"/>
	<size width="16" height="17"/>
</button>

<button action="loop" value="+1" chan="2">
	<pos x="890" y="229"/>
	<size width="24" height="20"/>
	<selected x="+0" y="+768"/>
	<over x="+0" y="+1536"/>
	<down x="+0" y="+2304"/>
</button>

<button action="loop_in" value="auto" chan="2">
	<pos x="799" y="253"/>
	<size width="49" height="28"/>
	<selected x="+0" y="+768"/>
	<over x="+0" y="+1536"/>
	<down x="+0" y="+2304"/>
</button>

<button action="loop_out" value="auto" chan="2">
	<pos x="848" y="253"/>
	<size width="49" height="28"/>
	<selected x="+0" y="+768"/>
	<over x="+0" y="+1536"/>
	<down x="+0" y="+2304"/>
</button>

<button action="smart_loop" chan="2">
	<pos x="900" y="258"/>
	<size width="16" height="18"/>
	<selected x="+0" y="+768"/>
	<over x="+0" y="+1536"/>
	<down x="+0" y="+2304"/>
</button>

## hotcues

<button action="hotcue" value="1" rightclick="auto" chan="2">
	<pos x="798" y="315"/>
	<size width="33" height="25"/>
	<selected x="+0" y="+768"/>
	<over x="+0" y="+1536"/>
	<down x="+0" y="+2304"/>
</button>

<button action="hotcue" value="2" rightclick="auto" chan="2">
	<pos x="840" y="315"/>
	<size width="32" height="25"/>
	<selected x="+0" y="+768"/>
	<over x="+0" y="+1536"/>
	<down x="+0" y="+2304"/>
</button>

<button action="hotcue" value="3" rightclick="auto" chan="2">
	<pos x="882" y="315"/>
	<size width="33" height="25"/>
	<selected x="+0" y="+768"/>
	<over x="+0" y="+1536"/>
	<down x="+0" y="+2304"/>
</button>

## play/pause

<button action="cue_stop" chan="2" rightclick="auto">
	<pos x="598" y="368"/>
	<size width="76" height="30"/>
	<selected x="+0" y="+768"/>
	<over x="+0" y="+1536"/>
	<down x="+0" y="+2304"/>
</button>

<button action="pause_stop" chan="2" rightclick="auto">
	<pos x="674" y="368"/>
	<size width="84" height="30"/>
	<selected x="+0" y="+768"/>
	<over x="+0" y="+1536"/>
	<down x="+0" y="+2304"/>
</button>

<button action="play_stutter" chan="2" rightclick="auto">
	<pos x="758" y="368"/>
	<size width="84" height="30"/>
	<selected x="+0" y="+768"/>
	<over x="+0" y="+1536"/>
	<down x="+0" y="+2304"/>
</button>

<button action="sync" chan="2" rightclick="auto">
	<pos x="854" y="368"/>
	<size width="64" height="30"/>
	<selected x="+0" y="+768"/>
	<over x="+0" y="+1536"/>
	<down x="+0" y="+2304"/>
</button>

<button action="pitch_bend" chan="2" value="-256 temporary">
	<pos x="947" y="377"/>
	<size width="30" height="23"/>
	<selected x="+0" y="+768"/>
	<over x="+0" y="+1536"/>
	<down x="+0" y="+2304"/>
</button>

<button action="pitch_bend" chan="2" value="+256 temporary">
	<pos x="981" y="377"/>
	<size width="30" height="23"/>
	<selected x="+0" y="+768"/>
	<over x="+0" y="+1536"/>
	<down x="+0" y="+2304"/>
</button>

# turntable

<button action="key_lock" chan="2">
	<pos x="950" y="403"/>
	<size width="60" height="16"/>
	<selected x="+0" y="+768"/>
	<over x="+0" y="+1536"/>
	<down x="+0" y="+2304"/>
</button>

<pannel id="43" visible="timecode">
  <size width="36" height="39"/>
  <pos x="591" y="311"/>
  <up x="591" y="311"/>
  <down x="655" y="2975"/>
</pannel>
<button pannel="43" action="timecode_active" chan="2">
	<pos x="598" y="318"/>
	<size width="21" height="21"/>
	<up x="+64" y="+2664"/>
	<selected x="+0" y="+768"/>
	<over x="+0" y="+1536"/>
	<down x="+0" y="+2304"/>
</button>
<visual pannel="43" chan="2" type="linear" source="timecode" orientation="horizontal">
	<pos x="605" y="343"/>
	<size width="21" height="7"/>
	<up x="+64" y="+2664"/>
	<down x="+0" y="+768"/>
</visual>

<visual chan="2" type="rotation" source="rotation">
	<size width="43" height="43"/>
	<pos x="648" y="247"/>
	<down x="815" y="3061"/>
	<clipmask x="815" y="3015"/>
</visual>

<visual chan="2" type="transparent" source="rotation" factor="-3">
	<size width="134" height="134"/>
	<pos x="602" y="201"/>
	<down x="+0" y="+768"/>
	<clipmask x="723" y="2879"/>
</visual>

<visual chan="2" type="custom" source="position">
	<size width="96" height="132"/>
	<pos x="675" y="198"/>
	<down x="0" y="3458" nb="20" nbx="10" smooth="true"/>
	<clipmask x="860" y="3014"/>
</visual>

<scratch chan="2">
	<size width="134" height="134"/>
	<pos x="602" y="201"/>
	<mousemask x="858" y="2879"/>
</scratch>

# levels

<slider chan="2" action="gain" orientation="round" dblclick="reset" rightclick="auto">
	<size width="26" height="22"/>
	<pos x="529" y="191"/>
	<fader sensibility="100">
		<pos x="3" y="2914" nb="21"/>
	</fader>
</slider>

<visual chan="2" type="linear" source="vumeterleft" orientation="vertical" direction="up">
	<size width="8" height="129"/>
	<pos x="534" y="228"/>
	<down x="+0" y="+768"/>
</visual>
<visual chan="2" type="linear" source="vumeterright" orientation="vertical" direction="up">
	<size width="8" height="129"/>
	<pos x="542" y="228"/>
	<down x="+0" y="+768"/>
</visual>


***************************************************************************************

	BROWSER

***************************************************************************************

	<button action="menu" value="0">
		<size width="96" height="15"/>
		<pos x="283" y="417"/>
		<selected x="+0" y="+768"/>
		<over x="+0" y="+1536"/>
		<down x="+0" y="+2304"/>
		<standby x="+0" y="+768"/>
	</button>
	<button action="menu" value="1">
		<size width="96" height="15"/>
		<pos x="404" y="417"/>
		<selected x="+0" y="+768"/>
		<over x="+0" y="+1536"/>
		<down x="+0" y="+2304"/>
		<standby x="+0" y="+768"/>
	</button>
	<button action="menu" value="2">
		<size width="96" height="15"/>
		<pos x="525" y="417"/>
		<selected x="+0" y="+768"/>
		<over x="+0" y="+1536"/>
		<down x="+0" y="+2304"/>
		<standby x="+0" y="+768"/>
	</button>
	<button action="menu" value="3">
		<size width="96" height="15"/>
		<pos x="646" y="417"/>
		<selected x="+0" y="+768"/>
		<over x="+0" y="+1536"/>
		<down x="+0" y="+2304"/>
		<standby x="+0" y="+768"/>
	</button>

	<browser>
		<size width="1001" height="321"/>
		<pos x="12" y="436"/>
		<text font="Verdana" size="13" color="#FFFFFF" selected="#000080" stripes="#181818"/>
		<options font="Tahoma" size="13" color="#FFFFFF" over="#99DDFF"/>
		<widgets font="Virtual DJ" size="10" color="#99DDFF"
			facecolor="transparent"
			lightcolor="#808080" 
			shadowcolor="#606060" 
			darkshadowcolor="transparent" 
			highlightcolor="transparent" 
			trackcolor1="transparent" 
			trackcolor2="transparent"
		/>
		<customicons x="0" y="3026"/>
		<custombuttons x="188" y="3026"/>
	</browser>

	<tooltip font="Virtual DJ" size="10" color="#FFFFFF" back="#000000" shortcut="#808080"/>

</Skin>
