<Skin name="Full Audio" version="5" width="1024" height="768">
<copyright>- (c)2001-2006 - Atomix Productions -</copyright>

***************************************************************************************

	TOP

***************************************************************************************

<grabzone>
	<size width="1024" height="19"/>
	<pos x="0" y="0"/>
</grabzone>

<logo>
  <size width="0" height="17"/>
  <pos x="9" y="1"/>
</logo>

<rhythm>
	<size width="958" height="51"/>
	<pos x="33" y="25"/>
	<chan1_active1 x="+0" y="+1213"/>
	<both_active1 x="+0" y="+1297"/>
	<chan2_active1 x="+0" y="+1381"/>
	<chan2_active2 x="+0" y="+1981"/>
	<both_active2 x="+0" y="+2065"/>
	<chan1_active2 x="+0" y="+2149"/>
	<grid1 width="5" mainwidth="11">
		<size width="958" height="9"/>
		<pos x="33" y="77"/>
		<active1 x="+0" y="+1213"/>
		<active2 x="+0" y="+2149"/>
	</grid1>
	<grid2 width="5" mainwidth="11">
		<size width="958" height="9"/>
		<pos x="33" y="87"/>
		<active1 x="+0" y="+1381"/>
		<active2 x="+0" y="+1981"/>
	</grid2>
	<cue1>
	  <size width="958" height="51"/>
	  <pos x="33" y="25"/>
	  <down x="+0" y="+1213"/>
	  <mask x="712" y="2879" width="9" height="10"/>
	  <text dx="9" dy="0" font="Virtual DJ" size="10" color="#B0E0FF"/>
	</cue1>
	<cue2>
	  <size width="958" height="51"/>
	  <pos x="33" y="25"/>
	  <down x="+0" y="+1981"/>
	  <mask x="712" y="2879" width="9" height="10"/>
	  <text dx="9" dy="0" font="Virtual DJ" size="10" color="#FF6868"/>
	</cue2>
</rhythm>

<button action="settings">
	<size width="49" height="15"/>
	<pos x="869" y="3"/>
	<selected x="+0" y="+768"/>
	<over x="+0" y="+1536"/>
	<down x="+0" y="+2304"/>
</button>

<button action="minimize">
	<size width="24" height="14"/>
	<pos x="936" y="3"/>
	<selected x="+0" y="+768"/>
	<over x="+0" y="+1536"/>
	<down x="+0" y="+2304"/>
</button>
<button action="maximize">
	<size width="24" height="14"/>
	<pos x="964" y="3"/>
	<selected x="+0" y="+768"/>
	<over x="+0" y="+1536"/>
	<down x="+0" y="+2304"/>
</button>
<button action="close">
	<size width="24" height="14"/>
	<pos x="992" y="3"/>
	<selected x="+0" y="+768"/>
	<over x="+0" y="+1536"/>
	<down x="+0" y="+2304"/>
</button>

<button action="edit_bpm" chan="1">
	<pos x="443" y="0"/>
	<size width="34" height="19"/>
	<selected x="+0" y="+768"/>
	<over x="+0" y="+1536"/>
	<down x="+0" y="+2304"/>
</button>

<visual source="automix">
	<pos x="479" y="0"/>
	<size width="68" height="19"/>
	<down x="+0" y="+768"/>
</visual>

<button action="edit_bpm" chan="2">
	<pos x="548" y="0"/>
	<size width="34" height="19"/>
	<selected x="+0" y="+768"/>
	<over x="+0" y="+1536"/>
	<down x="+0" y="+2304"/>
</button>

<textzone resetcounter="true">
	<size width="65" height="13"/>
	<pos x="693" y="3"/>
	<text font="LCD" size="13" color="#FFFFFF" align="left" weight="bold" format="%fullhour"/>
	<text2 font="LCD" size="13" color="#FFFFFF" align="left" weight="bold" format="%counter"/>
</textzone>

<slider action="zoom" orientation="vertical" dblclick="reset" rightclick="temporary" direction="down">
	<size width="5" height="45"/>
	<pos x="15" y="30"/>
	<fader>
		<size width="5" height="7"/>
		<pos x="15" y="803"/>
	</fader>
</slider>

<button action="zoom" value="400" rightclick="temporary">
	<pos x="993" y="36"/>
	<size width="16" height="13"/>
	<selected x="+0" y="+768"/>
	<over x="+0" y="+1536"/>
	<down x="+0" y="+2304"/>
</button>

<button action="zoom" value="700" rightclick="temporary">
	<pos x="993" y="50"/>
	<size width="16" height="13"/>
	<selected x="+0" y="+768"/>
	<over x="+0" y="+1536"/>
	<down x="+0" y="+2304"/>
</button>

<button action="zoom" value="2048" rightclick="temporary">
	<pos x="993" y="64"/>
	<size width="16" height="13"/>
	<selected x="+0" y="+768"/>
	<over x="+0" y="+1536"/>
	<down x="+0" y="+2304"/>
</button>

<slider action="crossfader" orientation="horizontal" dblclick="reset" rightclick="temporary">
	<size width="63" height="17"/>
	<pos x="481" y="382"/>
	<fader>
		<size width="9" height="3"/>
		<pos x="517" y="1157"/>
	</fader>
</slider>
	
***************************************************************************************

	CHANNEL 1

***************************************************************************************

<dropzone chan="1">
	<size width="512" height="395"/>
	<pos x="0" y="20"/>
</dropzone>

## title

<textzone chan="1">
	<size width="374" height="20" geterrormessage="true"/>
	<pos x="10" y="110"/>
	<text font="Verdana" size="20" color="#FFFFFF" format="%author - %title" scroll="yes"/>
</textzone>

<textzone chan="1">
	<size width="65" height="16"/>
	<pos x="437" y="115"/>
	<text font="Verdana" size="16" color="#FFFFFF" weight="bold" align="right" format="%Pspent"><icon><size width="40" height="7"/><pos x="461" y="109"/><down x="+0" y="+768"/></icon></text>
	<text2 font="Verdana" size="16" color="#FFFFFF" weight="bold" align="right" format="%Pleft"><icon><size width="35" height="7"/><pos x="447" y="109"/><down x="+0" y="+1536"/></icon></text2>
</textzone>

<textzone chan="1">
	<size width="45" height="16"/>
	<pos x="392" y="115"/>
	<text font="Verdana" size="16" color="#FFFFFF" weight="bold" align="right" format="%Pbpm"><icon><size width="19" height="7"/><pos x="417" y="109"/><down x="+0" y="+768"/></icon></text>
	<text2 font="Verdana" size="16" color="#FFFFFF"  weight="bold" align="right" format="%Ppitch"><icon><size width="27" height="7"/><pos x="409" y="109"/><down x="+0" y="+1536"/></icon></text2>
</textzone>

## select

<button action="select" chan="1">
	<pos x="8" y="135"/>
	<size width="37" height="28"/>
	<selected x="+0" y="+768"/>
	<over x="+0" y="+1536"/>
	<down x="+0" y="+2304"/>
</button>

## songpos

<songpos chan="1" orientation="horizontal" rightclick="temporary" waveform="yes">
	<pos x="48" y="137"/>
	<size width="461" height="24"/>
	<volume x="41" y="2756"/>
	<down x="41" y="2785"/>
	<selected x="41" y="2814"/>
	<volumeselected x="41" y="2842"/>
	<upselected x="41" y="2871"/>
	<cues>
	  <size width="7" height="24"/>
	  <up x="701" y="2946"/>
	  <clipmask x="711" y="2946"/>
	  <over x="701" y="2973"/>
	  <down x="711" y="2973"/>
	</cues>
</songpos>

## pitch

<slider action="pitch" chan="1" orientation="vertical" dblclick="reset" rightclick="temporary" direction="down">
	<size width="12" height="182"/>
	<pos x="26" y="179"/>
	<fader>
		<size width="12" height="9"/>
		<pos x="26" y="1009"/>
	</fader>
</slider>

<button action="pitch_reset" chan="1" dblclick="reset" rightclick="reset">
	<pos x="9" y="263"/>
	<size width="16" height="13"/>
	<selected x="+0" y="+768"/>
	<over x="+0" y="+1536"/>
	<down x="+0" y="+2304"/>
</button>

## sampler

<button action="sample_play" chan="1" rightclick="temporary">
	<pos x="50" y="188"/>
	<size width="81" height="17"/>
	<selected x="+0" y="+768"/>
	<over x="+0" y="+1536"/>
	<down x="+0" y="+2304"/>
	<text dx="3" dy="3" width="61" font="Virtual DJ" size="10" color="#FFFFFF" align="center" format="%mainsample" scroll="yes"/>
</button>
<button action="sample_select" chan="1">
	<pos x="114" y="189"/>
	<size width="17" height="15"/>
</button>

<visual chan="1" type="linear" source="sample" orientation="horizontal">
	<pos x="51" y="213"/>
	<size width="78" height="6"/>
	<down x="+0" y="+768"/>
</visual>

<button action="sample_rec_loop" chan="1">
	<pos x="49" y="224"/>
	<size width="37" height="23"/>
	<selected x="+0" y="+768"/>
	<over x="+0" y="+1536"/>
	<down x="+0" y="+2304"/>
</button>
	
<slider chan="1" action="sample_volume" orientation="round">
	<size width="26" height="22"/>
	<pos x="97" y="225"/>
	<fader sensibility="100">
		<pos x="3" y="2942" nb="21"/>
	</fader>
</slider>

## effects

<button action="effect_activate" chan="1" rightclick="temporary">
	<pos x="168" y="188"/>
	<size width="82" height="17"/>
	<selected x="+0" y="+768"/>
	<over x="+0" y="+1536"/>
	<down x="+0" y="+2304"/>
	<text dx="3" dy="3" width="61" font="Virtual DJ" size="10" color="#FFFFFF" align="center" format="%maineffect" scroll="yes"/>
</button>
<button action="effect_select" chan="1">
	<pos x="233" y="189"/>
	<size width="17" height="15"/>
</button>

<slider chan="1" action="effect_slider_1" orientation="round">
	<pos x="173" y="220"/>
	<size width="26" height="22"/>
	<fader sensibility="100">
		<pos x="3" y="2942" nb="21"/>
	</fader>
</slider>

<slider chan="1" action="effect_slider_2" orientation="round">
	<pos x="219" y="220"/>
	<size width="26" height="22"/>
	<fader sensibility="100">
		<pos x="3" y="2942" nb="21"/>
	</fader>
</slider>

## loops

<button action="loop_in" value="auto" chan="1">
	<pos x="58" y="291"/>
	<size width="56" height="27"/>
	<selected x="+0" y="+768"/>
	<over x="+0" y="+1536"/>
	<down x="+0" y="+2304"/>
</button>

<button action="loop_out" value="auto" chan="1">
	<pos x="114" y="291"/>
	<size width="58" height="27"/>
	<selected x="+0" y="+768"/>
	<over x="+0" y="+1536"/>
	<down x="+0" y="+2304"/>
</button>

<slider chan="1" action="loop_move" relative="yes" orientation="round">
	<size width="26" height="26"/>
	<pos x="180" y="286"/>
	<fader move="circ">
		<pos x="3" y="2998" nb="24"/>
	</fader>
</slider>

<button action="smart_loop" chan="1">
	<pos x="224" y="290"/>
	<size width="16" height="18"/>
	<selected x="+0" y="+768"/>
	<over x="+0" y="+1536"/>
	<down x="+0" y="+2304"/>
</button>

<button action="loop" value="-1" chan="1">
	<pos x="52" y="327"/>
	<size width="22" height="29"/>
	<selected x="+0" y="+768"/>
	<over x="+0" y="+1536"/>
	<down x="+0" y="+2304"/>
</button>

<button action="loop" value="25" chan="1" rightclick="temporary">
	<pos x="74" y="327"/>
	<size width="21" height="29"/>
	<selected x="+0" y="+768"/>
	<over x="+0" y="+1536"/>
	<down x="+0" y="+2304"/>
</button>

<button action="loop" value="50" chan="1" rightclick="temporary">
	<pos x="95" y="327"/>
	<size width="21" height="29"/>
	<selected x="+0" y="+768"/>
	<over x="+0" y="+1536"/>
	<down x="+0" y="+2304"/>
</button>

<button action="loop" value="1" chan="1" rightclick="temporary">
	<pos x="116" y="327"/>
	<size width="21" height="29"/>
	<selected x="+0" y="+768"/>
	<over x="+0" y="+1536"/>
	<down x="+0" y="+2304"/>
</button>

<button action="loop" value="2" chan="1" rightclick="temporary">
	<pos x="137" y="327"/>
	<size width="22" height="29"/>
	<selected x="+0" y="+768"/>
	<over x="+0" y="+1536"/>
	<down x="+0" y="+2304"/>
</button>

<button action="loop" value="4" chan="1" rightclick="temporary">
	<pos x="159" y="327"/>
	<size width="22" height="29"/>
	<selected x="+0" y="+768"/>
	<over x="+0" y="+1536"/>
	<down x="+0" y="+2304"/>
</button>

<button action="loop" value="8" chan="1" rightclick="temporary">
	<pos x="181" y="327"/>
	<size width="22" height="29"/>
	<selected x="+0" y="+768"/>
	<over x="+0" y="+1536"/>
	<down x="+0" y="+2304"/>
</button>

<button action="loop" value="16" chan="1" rightclick="temporary">
	<pos x="203" y="327"/>
	<size width="23" height="29"/>
	<selected x="+0" y="+768"/>
	<over x="+0" y="+1536"/>
	<down x="+0" y="+2304"/>
</button>

<button action="loop" value="+1" chan="1">
	<pos x="226" y="327"/>
	<size width="22" height="29"/>
	<selected x="+0" y="+768"/>
	<over x="+0" y="+1536"/>
	<down x="+0" y="+2304"/>
</button>

## hotcues

<button action="hotcue" value="1" rightclick="auto" chan="1">
	<pos x="268" y="241"/>
	<size width="33" height="24"/>
	<selected x="+0" y="+768"/>
	<over x="+0" y="+1536"/>
	<down x="+0" y="+2304"/>
</button>

<button action="hotcue" value="2" rightclick="auto" chan="1">
	<pos x="268" y="266"/>
	<size width="33" height="24"/>
	<selected x="+0" y="+768"/>
	<over x="+0" y="+1536"/>
	<down x="+0" y="+2304"/>
</button>

<button action="hotcue" value="3" rightclick="auto" chan="1">
	<pos x="268" y="291"/>
	<size width="33" height="25"/>
	<selected x="+0" y="+768"/>
	<over x="+0" y="+1536"/>
	<down x="+0" y="+2304"/>
</button>

## play/pause

<button action="pitch_bend" chan="1" value="-256 temporary">
	<pos x="13" y="379"/>
	<size width="30" height="22"/>
	<selected x="+0" y="+768"/>
	<over x="+0" y="+1536"/>
	<down x="+0" y="+2304"/>
</button>

<button action="pitch_bend" chan="1" value="+256 temporary">
	<pos x="47" y="379"/>
	<size width="30" height="22"/>
	<selected x="+0" y="+768"/>
	<over x="+0" y="+1536"/>
	<down x="+0" y="+2304"/>
</button>

<button action="cue_stop" chan="1" rightclick="auto">
	<pos x="119" y="375"/>
	<size width="72" height="30"/>
	<selected x="+0" y="+768"/>
	<over x="+0" y="+1536"/>
	<down x="+0" y="+2304"/>
</button>

<button action="pause_stop" chan="1" rightclick="auto">
	<pos x="191" y="375"/>
	<size width="72" height="30"/>
	<selected x="+0" y="+768"/>
	<over x="+0" y="+1536"/>
	<down x="+0" y="+2304"/>
</button>

<button action="play_stutter" chan="1" rightclick="auto">
	<pos x="263" y="375"/>
	<size width="72" height="30"/>
	<selected x="+0" y="+768"/>
	<over x="+0" y="+1536"/>
	<down x="+0" y="+2304"/>
</button>

<button action="sync" chan="1" rightclick="auto">
	<pos x="355" y="375"/>
	<size width="53" height="30"/>
	<selected x="+0" y="+768"/>
	<over x="+0" y="+1536"/>
	<down x="+0" y="+2304"/>
</button>

# turntable

<button action="key_lock" chan="1">
	<pos x="13" y="403"/>
	<size width="60" height="16"/>
	<selected x="+0" y="+768"/>
	<over x="+0" y="+1536"/>
	<down x="+0" y="+2304"/>
</button>

<pannel id="42" visible="timecode">
  <size width="37" height="43"/>
  <pos x="310" y="321"/>
  <up x="310" y="321"/>
  <down x="617" y="2949"/>
</pannel>
<button pannel="42" action="timecode_active" chan="1">
	<pos x="317" y="330"/>
	<size width="21" height="21"/>
	<up x="+307" y="+2628"/>
	<selected x="+0" y="+768"/>
	<over x="+0" y="+1536"/>
	<down x="+0" y="+2304"/>
</button>
<visual pannel="42" chan="1" type="linear" source="timecode" orientation="horizontal">
	<pos x="325" y="356"/>
	<size width="21" height="7"/>
	<up x="+307" y="+2628"/>
	<down x="+0" y="+768"/>
</visual>

<visual chan="1" type="rotation" source="rotation">
	<size width="43" height="43"/>
	<pos x="367" y="258"/>
	<down x="815" y="3061"/>
	<clipmask x="815" y="3015"/>
</visual>

<visual chan="1" type="transparent" source="rotation" factor="-3">
	<size width="134" height="134"/>
	<pos x="321" y="213"/>
	<down x="+0" y="+768"/>
	<clipmask x="723" y="2879"/>
</visual>

<visual chan="1" type="custom" source="position">
	<size width="132" height="96"/>
	<pos x="318" y="178"/>
	<down x="0" y="3194" nb="21" nbx="7" smooth="true"/>
	<clipmask x="860" y="3014"/>
</visual>

<scratch chan="1">
	<size width="134" height="134"/>
	<pos x="321" y="213"/>
	<mousemask x="858" y="2879"/>
</scratch>

# levels

<slider chan="1" action="gain" orientation="round" dblclick="reset" rightclick="auto">
	<pos x="483" y="186"/>
	<size width="26" height="22"/>
	<fader sensibility="100">
		<pos x="3" y="2914" nb="21"/>
	</fader>
</slider>

<textzone chan="1">
	<size width="30" height="9"/>
	<pos x="481" y="171"/>
	<text font="Verdana" size="9" color="#FFFFFF" align="center" format="%Plevel dB"/>
</textzone>

<visual chan="1" type="linear" source="vumeterleft" orientation="vertical" direction="up">
	<pos x="488" y="223"/>
	<size width="8" height="129"/>
	<down x="+0" y="+768"/>
</visual>
<visual chan="1" type="linear" source="vumeterright" orientation="vertical" direction="up">
	<pos x="496" y="223"/>
	<size width="8" height="129"/>
	<down x="+0" y="+768"/>
</visual>


***************************************************************************************

	CHANNEL 2

***************************************************************************************

<dropzone chan="2">
	<size width="512" height="395"/>
	<pos x="512" y="20"/>
</dropzone>

## title

<textzone chan="2">
	<size width="374" height="20" geterrormessage="true"/>
	<pos x="639" y="110"/>
	<text font="Verdana" size="20" color="#FFFFFF" align="right" format="%author - %title" scroll="yes"/>
</textzone>

<textzone chan="2">
	<size width="65" height="16"/>
	<pos x="521" y="115"/>
	<text font="Verdana" size="16" color="#FFFFFF" weight="bold" align="left" format="%Pspent"><icon><size width="40" height="7"/><pos x="535" y="109"/><down x="+0" y="+768"/></icon></text>
	<text2 font="Verdana" size="16" color="#FFFFFF" weight="bold" align="left" format="%Pleft"><icon><size width="35" height="7"/><pos x="521" y="109"/><down x="+0" y="+1536"/></icon></text2>
</textzone>

<textzone chan="2">
	<size width="45" height="16"/>
	<pos x="586" y="115"/>
	<text font="Verdana" size="16" color="#FFFFFF" weight="bold" align="right" format="%Pbpm"><icon><size width="19" height="7"/><pos x="611" y="109"/><down x="+0" y="+768"/></icon></text>
	<text2 font="Verdana" size="16" color="#FFFFFF"  weight="bold" align="right" format="%Ppitch"><icon><size width="27" height="7"/><pos x="603" y="109"/><down x="+0" y="+1536"/></icon></text2>
</textzone>

## select

<button action="select" chan="2">
	<pos x="978" y="135"/>
	<size width="37" height="28"/>
	<selected x="+0" y="+768"/>
	<over x="+0" y="+1536"/>
	<down x="+0" y="+2304"/>
</button>

## songpos

<songpos chan="2" orientation="horizontal" rightclick="temporary" waveform="yes">
	<pos x="515" y="137"/>
	<size width="461" height="24"/>
	<volume x="41" y="2756"/>
	<down x="41" y="2785"/>
	<selected x="506" y="2756"/>
	<volumeselected x="506" y="2785"/>
	<upselected x="506" y="2814"/>
	<cues>
	  <size width="7" height="24"/>
	  <up x="701" y="2946"/>
	  <clipmask x="711" y="2946"/>
	  <over x="701" y="2973"/>
	  <down x="711" y="2973"/>
	</cues>
</songpos>

## pitch

<slider action="pitch" chan="2" orientation="vertical" dblclick="reset" rightclick="temporary" direction="down">
	<size width="12" height="182"/>
	<pos x="987" y="179"/>
	<fader>
		<size width="12" height="9"/>
		<pos x="987" y="1009"/>
	</fader>
</slider>

<button action="pitch_reset" chan="2" dblclick="reset" rightclick="reset">
	<pos x="1000" y="264"/>
	<size width="16" height="13"/>
	<selected x="+0" y="+768"/>
	<over x="+0" y="+1536"/>
	<down x="+0" y="+2304"/>
</button>

## sampler

<button action="sample_play" chan="2" rightclick="temporary">
	<pos x="775" y="188"/>
	<size width="81" height="17"/>
	<selected x="+0" y="+768"/>
	<over x="+0" y="+1536"/>
	<down x="+0" y="+2304"/>
	<text dx="3" dy="3" width="61" font="Virtual DJ" size="10" color="#FFFFFF" align="center" format="%mainsample" scroll="yes"/>
</button>
<button action="sample_select" chan="2">
	<pos x="839" y="189"/>
	<size width="17" height="15"/>
</button>

<visual chan="2" type="linear" source="sample" orientation="horizontal">
	<pos x="776" y="212"/>
	<size width="78" height="7"/>
	<down x="+0" y="+768"/>
</visual>

<button action="sample_rec_loop" chan="2">
	<pos x="773" y="224"/>
	<size width="38" height="23"/>
	<selected x="+0" y="+768"/>
	<over x="+0" y="+1536"/>
	<down x="+0" y="+2304"/>
</button>
	
<slider chan="2" action="sample_volume" orientation="round">
	<pos x="822" y="225"/>
	<size width="26" height="22"/>
	<fader sensibility="100">
		<pos x="3" y="2942" nb="21"/>
	</fader>
</slider>

## effects

<button action="effect_activate" chan="2" rightclick="temporary">
	<pos x="893" y="188"/>
	<size width="81" height="17"/>
	<selected x="+0" y="+768"/>
	<over x="+0" y="+1536"/>
	<down x="+0" y="+2304"/>
	<text dx="3" dy="3" width="61" font="Virtual DJ" size="10" color="#FFFFFF" align="center" format="%maineffect" scroll="yes"/>
</button>
<button action="effect_select" chan="2">
	<pos x="957" y="189"/>
	<size width="17" height="15"/>
</button>

<slider chan="2" action="effect_slider_1" orientation="round">
	<pos x="897" y="220"/>
	<size width="26" height="22"/>
	<fader sensibility="100">
		<pos x="3" y="2942" nb="21"/>
	</fader>
</slider>

<slider chan="2" action="effect_slider_2" orientation="round">
	<pos x="943" y="220"/>
	<size width="26" height="22"/>
	<fader sensibility="100">
		<pos x="3" y="2942" nb="21"/>
	</fader>
</slider>

## loops

<button action="loop_in" value="auto" chan="2">
	<pos x="782" y="292"/>
	<size width="56" height="26"/>
	<selected x="+0" y="+768"/>
	<over x="+0" y="+1536"/>
	<down x="+0" y="+2304"/>
</button>

<button action="loop_out" value="auto" chan="2">
	<pos x="838" y="292"/>
	<size width="58" height="26"/>
	<selected x="+0" y="+768"/>
	<over x="+0" y="+1536"/>
	<down x="+0" y="+2304"/>
</button>

<slider chan="2" action="loop_move" relative="yes" orientation="round">
	<pos x="904" y="286"/>
	<size width="26" height="26"/>
	<fader move="circ">
		<pos x="3" y="2998" nb="24"/>
	</fader>
</slider>

<button action="smart_loop" chan="2">
	<pos x="948" y="290"/>
	<size width="16" height="18"/>
	<selected x="+0" y="+768"/>
	<over x="+0" y="+1536"/>
	<down x="+0" y="+2304"/>
</button>

<button action="loop" value="-1" chan="2">
	<pos x="776" y="327"/>
	<size width="22" height="29"/>
	<selected x="+0" y="+768"/>
	<over x="+0" y="+1536"/>
	<down x="+0" y="+2304"/>
</button>

<button action="loop" value="25" chan="2" rightclick="temporary">
	<pos x="798" y="327"/>
	<size width="21" height="29"/>
	<selected x="+0" y="+768"/>
	<over x="+0" y="+1536"/>
	<down x="+0" y="+2304"/>
</button>

<button action="loop" value="50" chan="2" rightclick="temporary">
	<pos x="819" y="327"/>
	<size width="22" height="29"/>
	<selected x="+0" y="+768"/>
	<over x="+0" y="+1536"/>
	<down x="+0" y="+2304"/>
</button>

<button action="loop" value="1" chan="2" rightclick="temporary">
	<pos x="841" y="327"/>
	<size width="21" height="29"/>
	<selected x="+0" y="+768"/>
	<over x="+0" y="+1536"/>
	<down x="+0" y="+2304"/>
</button>

<button action="loop" value="2" chan="2" rightclick="temporary">
	<pos x="862" y="327"/>
	<size width="22" height="29"/>
	<selected x="+0" y="+768"/>
	<over x="+0" y="+1536"/>
	<down x="+0" y="+2304"/>
</button>

<button action="loop" value="4" chan="2" rightclick="temporary">
	<pos x="884" y="327"/>
	<size width="22" height="29"/>
	<selected x="+0" y="+768"/>
	<over x="+0" y="+1536"/>
	<down x="+0" y="+2304"/>
</button>

<button action="loop" value="8" chan="2" rightclick="temporary">
	<pos x="906" y="327"/>
	<size width="22" height="29"/>
	<selected x="+0" y="+768"/>
	<over x="+0" y="+1536"/>
	<down x="+0" y="+2304"/>
</button>

<button action="loop" value="16" chan="2" rightclick="temporary">
	<pos x="928" y="327"/>
	<size width="23" height="29"/>
	<selected x="+0" y="+768"/>
	<over x="+0" y="+1536"/>
	<down x="+0" y="+2304"/>
</button>

<button action="loop" value="+1" chan="2">
	<pos x="951" y="327"/>
	<size width="22" height="29"/>
	<selected x="+0" y="+768"/>
	<over x="+0" y="+1536"/>
	<down x="+0" y="+2304"/>
</button>

## hotcues

<button action="hotcue" value="1" rightclick="auto" chan="2">
	<pos x="723" y="241"/>
	<size width="33" height="24"/>
	<selected x="+0" y="+768"/>
	<over x="+0" y="+1536"/>
	<down x="+0" y="+2304"/>
</button>

<button action="hotcue" value="2" rightclick="auto" chan="2">
	<pos x="723" y="266"/>
	<size width="33" height="24"/>
	<selected x="+0" y="+768"/>
	<over x="+0" y="+1536"/>
	<down x="+0" y="+2304"/>
</button>

<button action="hotcue" value="3" rightclick="auto" chan="2">
	<pos x="723" y="291"/>
	<size width="33" height="25"/>
	<selected x="+0" y="+768"/>
	<over x="+0" y="+1536"/>
	<down x="+0" y="+2304"/>
</button>

## play/pause

<button action="cue_stop" chan="2" rightclick="auto">
	<pos x="617" y="375"/>
	<size width="72" height="30"/>
	<selected x="+0" y="+768"/>
	<over x="+0" y="+1536"/>
	<down x="+0" y="+2304"/>
</button>

<button action="pause_stop" chan="2" rightclick="auto">
	<pos x="689" y="375"/>
	<size width="71" height="30"/>
	<selected x="+0" y="+768"/>
	<over x="+0" y="+1536"/>
	<down x="+0" y="+2304"/>
</button>

<button action="play_stutter" chan="2" rightclick="auto">
	<pos x="760" y="375"/>
	<size width="72" height="30"/>
	<selected x="+0" y="+768"/>
	<over x="+0" y="+1536"/>
	<down x="+0" y="+2304"/>
</button>

<button action="sync" chan="2" rightclick="auto">
	<pos x="852" y="375"/>
	<size width="53" height="30"/>
	<selected x="+0" y="+768"/>
	<over x="+0" y="+1536"/>
	<down x="+0" y="+2304"/>
</button>

<button action="pitch_bend" chan="2" value="-256 temporary">
	<pos x="947" y="379"/>
	<size width="30" height="22"/>
	<selected x="+0" y="+768"/>
	<over x="+0" y="+1536"/>
	<down x="+0" y="+2304"/>
</button>

<button action="pitch_bend" chan="2" value="+256 temporary">
	<pos x="981" y="379"/>
	<size width="30" height="22"/>
	<selected x="+0" y="+768"/>
	<over x="+0" y="+1536"/>
	<down x="+0" y="+2304"/>
</button>


# turntable

<button action="key_lock" chan="2">
	<pos x="950" y="403"/>
	<size width="60" height="16"/>
	<selected x="+0" y="+768"/>
	<over x="+0" y="+1536"/>
	<down x="+0" y="+2304"/>
</button>

<pannel id="43" visible="timecode">
  <size width="37" height="43"/>
  <pos x="676" y="321"/>
  <up x="676" y="321"/>
  <down x="654" y="2949"/>
</pannel>
<button pannel="43" action="timecode_active" chan="2">
	<pos x="685" y="330"/>
	<size width="21" height="21"/>
	<up x="-22" y="+2628"/>
	<selected x="+0" y="+768"/>
	<over x="+0" y="+1536"/>
	<down x="+0" y="+2304"/>
</button>
<visual pannel="43" chan="2" type="linear" source="timecode" orientation="horizontal">
	<pos x="692" y="356"/>
	<size width="21" height="7"/>
	<up x="-22" y="+2628"/>
	<down x="+0" y="+768"/>
</visual>

<visual chan="2" type="rotation" source="rotation">
	<size width="43" height="43"/>
	<pos x="613" y="258"/>
	<down x="815" y="3061"/>
	<clipmask x="815" y="3015"/>
</visual>

<visual chan="2" type="transparent" source="rotation" factor="-3">
	<size width="134" height="134"/>
	<pos x="567" y="213"/>
	<down x="+0" y="+768"/>
	<clipmask x="723" y="2879"/>
</visual>

<visual chan="2" type="custom" source="position">
	<size width="132" height="96"/>
	<pos x="564" y="178"/>
	<down x="0" y="3482" nb="21" nbx="7" smooth="true"/>
	<clipmask x="860" y="3014"/>
</visual>

<scratch chan="2">
	<size width="134" height="134"/>
	<pos x="567" y="213"/>
	<mousemask x="858" y="2879"/>
</scratch>

# levels

<slider chan="2" action="gain" orientation="round" dblclick="reset" rightclick="auto">
	<pos x="515" y="186"/>
	<size width="26" height="22"/>
	<fader sensibility="100">
		<pos x="3" y="2914" nb="21"/>
	</fader>
</slider>

<textzone chan="2">
	<size width="30" height="9"/>
	<pos x="513" y="171"/>
	<text font="Verdana" size="9" color="#FFFFFF" align="center" format="%Plevel dB"/>
</textzone>

<visual chan="2" type="linear" source="vumeterleft" orientation="vertical" direction="up">
	<pos x="520" y="223"/>
	<size width="8" height="129"/>
	<down x="+0" y="+768"/>
</visual>
<visual chan="2" type="linear" source="vumeterright" orientation="vertical" direction="up">
	<pos x="528" y="223"/>
	<size width="8" height="129"/>
	<down x="+0" y="+768"/>
</visual>


***************************************************************************************

	BROWSER

***************************************************************************************

	<button action="menu" value="0">
		<size width="96" height="15"/>
		<pos x="283" y="417"/>
		<selected x="+0" y="+768"/>
		<over x="+0" y="+1536"/>
		<down x="+0" y="+2304"/>
		<standby x="+0" y="+768"/>
	</button>
	<button action="menu" value="1">
		<size width="96" height="15"/>
		<pos x="404" y="417"/>
		<selected x="+0" y="+768"/>
		<over x="+0" y="+1536"/>
		<down x="+0" y="+2304"/>
		<standby x="+0" y="+768"/>
	</button>
	<button action="menu" value="2">
		<size width="96" height="15"/>
		<pos x="525" y="417"/>
		<selected x="+0" y="+768"/>
		<over x="+0" y="+1536"/>
		<down x="+0" y="+2304"/>
		<standby x="+0" y="+768"/>
	</button>
	<button action="menu" value="3">
		<size width="96" height="15"/>
		<pos x="646" y="417"/>
		<selected x="+0" y="+768"/>
		<over x="+0" y="+1536"/>
		<down x="+0" y="+2304"/>
		<standby x="+0" y="+768"/>
	</button>

	<browser>
		<size width="1001" height="321"/>
		<pos x="12" y="436"/>
		<text font="Verdana" size="13" color="#FFFFFF" selected="#000080" stripes="#181818"/>
		<options font="Tahoma" size="13" color="#FFFFFF" over="#99DDFF"/>
		<widgets font="Virtual DJ" size="10" color="#99DDFF"
			facecolor="transparent"
			lightcolor="#808080" 
			shadowcolor="#606060" 
			darkshadowcolor="transparent" 
			highlightcolor="transparent" 
			trackcolor1="transparent" 
			trackcolor2="transparent"
		/>
		<customicons x="0" y="3026"/>
		<custombuttons x="188" y="3026"/>
	</browser>

	<tooltip font="Virtual DJ" size="10" color="#FFFFFF" back="#000000" shortcut="#808080"/>

</Skin>
