<Skin name="Full Video" version="5" width="1024" height="768">
<copyright>- (c)2001-2006 - Atomix Productions -</copyright>

***************************************************************************************

	TOP

***************************************************************************************

<grabzone>
	<size width="1024" height="19"/>
	<pos x="0" y="0"/>
</grabzone>

<logo>
  <size width="0" height="17"/>
  <pos x="9" y="1"/>
</logo>

<rhythm>
	<size width="958" height="51"/>
	<pos x="33" y="25"/>
	<chan1_active1 x="+0" y="+1217" />
	<both_active1 x="+0" y="+1301"/>
	<chan2_active1 x="+0" y="+1385" />
	<chan2_active2 x="+0" y="+1985" />
	<both_active2 x="+0" y="+2069"/>
	<chan1_active2 x="+0" y="+2153" />
	<grid1 width="5" mainwidth="11">
		<size width="958" height="9"/>
		<pos x="33" y="77"/>
		<active1 x="+0" y="+1217"/>
		<active2 x="+0" y="+2153"/>
	</grid1>
	<grid2 width="5" mainwidth="11">
		<size width="958" height="9"/>
		<pos x="33" y="87"/>
		<active1 x="+0" y="+1385"/>
		<active2 x="+0" y="+1985"/>
	</grid2>
	<cue1>
	  <size width="958" height="51"/>
	  <pos x="33" y="25"/>
	  <down x="+0" y="+1217"/>
	  <mask x="712" y="2879" width="9" height="10"/>
	  <text dx="9" dy="0" font="Virtual DJ" size="10" color="#B0E0FF"/>
	</cue1>
	<cue2>
	  <size width="958" height="51"/>
	  <pos x="33" y="25"/>
	  <down x="+0" y="+1985"/>
	  <mask x="712" y="2879" width="9" height="10"/>
	  <text dx="9" dy="0" font="Virtual DJ" size="10" color="#FF6868"/>
	</cue2>
</rhythm>

<visual chan="2" type="linear" source="cpu" orientation="horizontal">
	<pos x="273" y="6"/>
	<size width="129" height="7"/>
	<down x="+0" y="+768"/>
</visual>

<button action="settings">
	<size width="49" height="15"/>
	<pos x="869" y="3"/>
	<selected x="+0" y="+768"/>
	<over x="+0" y="+1536"/>
	<down x="+0" y="+2304"/>
</button>

<button action="minimize">
	<size width="24" height="14"/>
	<pos x="936" y="3"/>
	<selected x="+0" y="+768"/>
	<over x="+0" y="+1536"/>
	<down x="+0" y="+2304"/>
</button>
<button action="maximize">
	<size width="24" height="14"/>
	<pos x="964" y="3"/>
	<selected x="+0" y="+768"/>
	<over x="+0" y="+1536"/>
	<down x="+0" y="+2304"/>
</button>
<button action="close">
	<size width="24" height="14"/>
	<pos x="992" y="3"/>
	<selected x="+0" y="+768"/>
	<over x="+0" y="+1536"/>
	<down x="+0" y="+2304"/>
</button>

<button action="edit_bpm" chan="1">
	<pos x="443" y="0"/>
	<size width="34" height="19"/>
	<selected x="+0" y="+768"/>
	<over x="+0" y="+1536"/>
	<down x="+0" y="+2304"/>
</button>

<visual source="automix">
	<pos x="479" y="0"/>
	<size width="68" height="19"/>
	<down x="+0" y="+768"/>
</visual>

<button action="edit_bpm" chan="2">
	<pos x="548" y="0"/>
	<size width="34" height="19"/>
	<selected x="+0" y="+768"/>
	<over x="+0" y="+1536"/>
	<down x="+0" y="+2304"/>
</button>

<textzone resetcounter="true">
	<size width="65" height="13"/>
	<pos x="693" y="3"/>
	<text font="LCD" size="13" color="#FFFFFF" align="left" weight="bold" format="%fullhour"/>
	<text2 font="LCD" size="13" color="#FFFFFF" align="left" weight="bold" format="%counter"/>
</textzone>

<slider action="zoom" orientation="vertical" dblclick="reset" rightclick="temporary" direction="down">
	<size width="5" height="45"/>
	<pos x="15" y="30"/>
	<fader>
		<size width="5" height="7"/>
		<pos x="15" y="803"/>
	</fader>
</slider>

<button action="zoom" value="400" rightclick="temporary">
	<pos x="993" y="36"/>
	<size width="16" height="13"/>
	<selected x="+0" y="+768"/>
	<over x="+0" y="+1536"/>
	<down x="+0" y="+2304"/>
</button>

<button action="zoom" value="700" rightclick="temporary">
	<pos x="993" y="50"/>
	<size width="16" height="13"/>
	<selected x="+0" y="+768"/>
	<over x="+0" y="+1536"/>
	<down x="+0" y="+2304"/>
</button>

<button action="zoom" value="2048" rightclick="temporary">
	<pos x="993" y="64"/>
	<size width="16" height="13"/>
	<selected x="+0" y="+768"/>
	<over x="+0" y="+1536"/>
	<down x="+0" y="+2304"/>
</button>

<slider action="crossfader" orientation="horizontal" dblclick="reset" rightclick="temporary">
	<size width="63" height="17"/>
	<pos x="481" y="112"/>
	<fader>
		<size width="9" height="3"/>
		<pos x="517" y="887"/>
	</fader>
</slider>
	
***************************************************************************************

	CHANNEL 1

***************************************************************************************

<dropzone chan="1">
	<size width="512" height="395"/>
	<pos x="0" y="20"/>
</dropzone>

## title

<textzone chan="1">
	<size width="344" height="20" geterrormessage="true"/>
	<pos x="10" y="110"/>
	<text font="Verdana" size="20" color="#FFFFFF" format="%author - %title" scroll="yes"/>
</textzone>

<textzone chan="1">
	<size width="65" height="16"/>
	<pos x="407" y="115"/>
	<text font="Verdana" size="16" color="#FFFFFF" weight="bold" align="right" format="%Pspent"><icon><size width="40" height="7"/><pos x="431" y="109"/><down x="+0" y="+768"/></icon></text>
	<text2 font="Verdana" size="16" color="#FFFFFF" weight="bold" align="right" format="%Pleft"><icon><size width="35" height="7"/><pos x="417" y="109"/><down x="+0" y="+1536"/></icon></text2>
</textzone>

<textzone chan="1">
	<size width="45" height="16"/>
	<pos x="362" y="115"/>
	<text font="Verdana" size="16" color="#FFFFFF" weight="bold" align="right" format="%Pbpm"><icon><size width="19" height="7"/><pos x="387" y="109"/><down x="+0" y="+768"/></icon></text>
	<text2 font="Verdana" size="16" color="#FFFFFF"  weight="bold" align="right" format="%Ppitch"><icon><size width="27" height="7"/><pos x="379" y="109"/><down x="+0" y="+1536"/></icon></text2>
</textzone>

## select

<button action="select" chan="1">
	<pos x="8" y="135"/>
	<size width="37" height="28"/>
	<selected x="+0" y="+768"/>
	<over x="+0" y="+1536"/>
	<down x="+0" y="+2304"/>
</button>

## songpos

<songpos chan="1" orientation="horizontal" rightclick="temporary" waveform="yes">
	<pos x="48" y="137"/>
	<size width="356" height="24"/>
	<volume x="23" y="2747"/>
	<down x="23" y="2780"/>
	<selected x="23" y="2813"/>
	<volumeselected x="23" y="2847"/>
	<upselected x="23" y="2880"/>
	<cues>
	  <size width="7" height="24"/>
	  <up x="701" y="2946"/>
	  <clipmask x="711" y="2946"/>
	  <over x="701" y="2973"/>
	  <down x="711" y="2973"/>
	</cues>
</songpos>

## pitch

<slider action="pitch" chan="1" orientation="vertical" dblclick="reset" rightclick="temporary" direction="down">
	<size width="12" height="183"/>
	<pos x="26" y="181"/>
	<fader>
		<size width="12" height="9"/>
		<pos x="26" y="1012"/>
	</fader>
</slider>

<button action="pitch_reset" chan="1" dblclick="reset" rightclick="reset">
	<pos x="9" y="267"/>
	<size width="16" height="13"/>
	<selected x="+0" y="+768"/>
	<over x="+0" y="+1536"/>
	<down x="+0" y="+2304"/>
</button>

## sampler

<button action="sample_play" chan="1" rightclick="temporary">
	<pos x="45" y="191"/>
	<size width="81" height="17"/>
	<selected x="+0" y="+768"/>
	<over x="+0" y="+1536"/>
	<down x="+0" y="+2304"/>
	<text dx="3" dy="3" width="61" font="Virtual DJ" size="10" color="#FFFFFF" align="center" format="%mainsample" scroll="yes"/>
</button>
<button action="sample_select" chan="1">
	<pos x="109" y="192"/>
	<size width="17" height="15"/>
</button>

<visual chan="1" type="linear" source="sample" orientation="horizontal">
	<pos x="47" y="215"/>
	<size width="78" height="6"/>
	<down x="+0" y="+768"/>
</visual>

<button action="sample_rec_loop" chan="1">
	<pos x="44" y="227"/>
	<size width="37" height="23"/>
	<selected x="+0" y="+768"/>
	<over x="+0" y="+1536"/>
	<down x="+0" y="+2304"/>
</button>
	
<slider chan="1" action="sample_volume" orientation="round">
	<size width="26" height="22"/>
	<pos x="93" y="228"/>
	<fader sensibility="100">
		<pos x="3" y="2942" nb="21"/>
	</fader>
</slider>

## effects

<button action="effect_activate" chan="1" rightclick="temporary">
	<pos x="164" y="191"/>
	<size width="81" height="17"/>
	<selected x="+0" y="+768"/>
	<over x="+0" y="+1536"/>
	<down x="+0" y="+2304"/>
	<text dx="3" dy="3" width="61" font="Virtual DJ" size="10" color="#FFFFFF" align="center" format="%maineffect" scroll="yes"/>
</button>
<button action="effect_select" chan="1">
	<pos x="228" y="192"/>
	<size width="17" height="15"/>
</button>

<slider chan="1" action="effect_slider_1" orientation="round">
	<pos x="168" y="223"/>
	<size width="26" height="22"/>
	<fader sensibility="100">
		<pos x="3" y="2942" nb="21"/>
	</fader>
</slider>

<slider chan="1" action="effect_slider_2" orientation="round">
	<pos x="214" y="223"/>
	<size width="26" height="22"/>
	<fader sensibility="100">
		<pos x="3" y="2942" nb="21"/>
	</fader>
</slider>

## loops

<button action="loop_in" value="auto" chan="1">
	<pos x="52" y="293"/>
	<size width="58" height="29"/>
	<selected x="+0" y="+768"/>
	<over x="+0" y="+1536"/>
	<down x="+0" y="+2304"/>
</button>

<button action="loop_out" value="auto" chan="1">
	<pos x="110" y="293"/>
	<size width="58" height="29"/>
	<selected x="+0" y="+768"/>
	<over x="+0" y="+1536"/>
	<down x="+0" y="+2304"/>
</button>

<slider chan="1" action="loop_move" relative="yes" orientation="round">
	<size width="26" height="26"/>
	<pos x="175" y="289"/>
	<fader move="circ">
		<pos x="3" y="2998" nb="24"/>
	</fader>
</slider>

<button action="smart_loop" chan="1">
	<pos x="219" y="293"/>
	<size width="16" height="18"/>
	<selected x="+0" y="+768"/>
	<over x="+0" y="+1536"/>
	<down x="+0" y="+2304"/>
</button>

<button action="loop" value="-1" chan="1">
	<pos x="48" y="330"/>
	<size width="22" height="29"/>
	<selected x="+0" y="+768"/>
	<over x="+0" y="+1536"/>
	<down x="+0" y="+2304"/>
</button>

<button action="loop" value="25" chan="1" rightclick="temporary">
	<pos x="70" y="330"/>
	<size width="21" height="29"/>
	<selected x="+0" y="+768"/>
	<over x="+0" y="+1536"/>
	<down x="+0" y="+2304"/>
</button>

<button action="loop" value="50" chan="1" rightclick="temporary">
	<pos x="91" y="330"/>
	<size width="21" height="29"/>
	<selected x="+0" y="+768"/>
	<over x="+0" y="+1536"/>
	<down x="+0" y="+2304"/>
</button>

<button action="loop" value="1" chan="1" rightclick="temporary">
	<pos x="112" y="330"/>
	<size width="21" height="29"/>
	<selected x="+0" y="+768"/>
	<over x="+0" y="+1536"/>
	<down x="+0" y="+2304"/>
</button>

<button action="loop" value="2" chan="1" rightclick="temporary">
	<pos x="133" y="330"/>
	<size width="22" height="29"/>
	<selected x="+0" y="+768"/>
	<over x="+0" y="+1536"/>
	<down x="+0" y="+2304"/>
</button>

<button action="loop" value="4" chan="1" rightclick="temporary">
	<pos x="155" y="330"/>
	<size width="22" height="29"/>
	<selected x="+0" y="+768"/>
	<over x="+0" y="+1536"/>
	<down x="+0" y="+2304"/>
</button>

<button action="loop" value="8" chan="1" rightclick="temporary">
	<pos x="177" y="330"/>
	<size width="22" height="29"/>
	<selected x="+0" y="+768"/>
	<over x="+0" y="+1536"/>
	<down x="+0" y="+2304"/>
</button>

<button action="loop" value="16" chan="1" rightclick="temporary">
	<pos x="199" y="330"/>
	<size width="23" height="29"/>
	<selected x="+0" y="+768"/>
	<over x="+0" y="+1536"/>
	<down x="+0" y="+2304"/>
</button>

<button action="loop" value="+1" chan="1">
	<pos x="222" y="330"/>
	<size width="22" height="29"/>
	<selected x="+0" y="+768"/>
	<over x="+0" y="+1536"/>
	<down x="+0" y="+2304"/>
</button>

## hotcues

<button action="hotcue" value="1" rightclick="auto" chan="1">
	<pos x="263" y="334"/>
	<size width="33" height="25"/>
	<selected x="+0" y="+768"/>
	<over x="+0" y="+1536"/>
	<down x="+0" y="+2304"/>
</button>

<button action="hotcue" value="2" rightclick="auto" chan="1">
	<pos x="297" y="334"/>
	<size width="33" height="25"/>
	<selected x="+0" y="+768"/>
	<over x="+0" y="+1536"/>
	<down x="+0" y="+2304"/>
</button>

<button action="hotcue" value="3" rightclick="auto" chan="1">
	<pos x="332" y="334"/>
	<size width="33" height="25"/>
	<selected x="+0" y="+768"/>
	<over x="+0" y="+1536"/>
	<down x="+0" y="+2304"/>
</button>

## play/pause

<button action="pitch_bend" chan="1" value="-256 temporary">
	<pos x="12" y="378"/>
	<size width="32" height="24"/>
	<selected x="+0" y="+768"/>
	<over x="+0" y="+1536"/>
	<down x="+0" y="+2304"/>
</button>

<button action="pitch_bend" chan="1" value="+256 temporary">
	<pos x="46" y="378"/>
	<size width="32" height="24"/>
	<selected x="+0" y="+768"/>
	<over x="+0" y="+1536"/>
	<down x="+0" y="+2304"/>
</button>

<button action="cue_stop" chan="1" rightclick="auto">
	<pos x="89" y="375"/>
	<size width="72" height="30"/>
	<selected x="+0" y="+768"/>
	<over x="+0" y="+1536"/>
	<down x="+0" y="+2304"/>
</button>

<button action="pause_stop" chan="1" rightclick="auto">
	<pos x="161" y="375"/>
	<size width="71" height="30"/>
	<selected x="+0" y="+768"/>
	<over x="+0" y="+1536"/>
	<down x="+0" y="+2304"/>
</button>

<button action="play_stutter" chan="1" rightclick="auto">
	<pos x="232" y="375"/>
	<size width="72" height="30"/>
	<selected x="+0" y="+768"/>
	<over x="+0" y="+1536"/>
	<down x="+0" y="+2304"/>
</button>

<button action="sync" chan="1" rightclick="auto">
	<pos x="318" y="375"/>
	<size width="49" height="30"/>
	<selected x="+0" y="+768"/>
	<over x="+0" y="+1536"/>
	<down x="+0" y="+2304"/>
</button>

# turntable

<button action="key_lock" chan="1">
	<pos x="13" y="403"/>
	<size width="60" height="16"/>
	<selected x="+0" y="+768"/>
	<over x="+0" y="+1536"/>
	<down x="+0" y="+2304"/>
</button>

<pannel id="42" visible="timecode">
  <size width="35" height="30"/>
  <pos x="253" y="278"/>
  <up x="253" y="278"/>
  <down x="640" y="2865"/>
</pannel>
<button pannel="42" action="timecode_active" chan="1">
	<pos x="262" y="283"/>
	<size width="16" height="16"/>
	<up x="+387" y="+2587"/>
	<selected x="+0" y="+768"/>
	<over x="+0" y="+1536"/>
	<down x="+0" y="+2304"/>
</button>
<visual pannel="42" chan="1" type="linear" source="timecode" orientation="horizontal">
	<pos x="267" y="301"/>
	<size width="21" height="7"/>
	<up x="+387" y="+2587"/>
	<down x="+0" y="+768"/>
</visual>

<visual chan="1" type="rotation" source="rotation">
	<size width="32" height="32"/>
	<pos x="298" y="231"/>
	<down x="659" y="2946"/>
	<clipmask x="659" y="2913"/>
</visual>

<visual chan="1" type="transparent" source="rotation" factor="-3">
	<size width="98" height="98"/>
	<pos x="265" y="198"/>
	<down x="+0" y="+768"/>
	<clipmask x="735" y="2855"/>
</visual>

<visual chan="1" type="custom" source="position">
	<size width="98" height="71"/>
	<pos x="262" y="172"/>
	<down x="0" y="3194" nb="20" nbx="10" smooth="true"/>
	<clipmask x="735" y="2953"/>
</visual>

<scratch chan="1">
	<size width="98" height="98"/>
	<pos x="265" y="198"/>
	<mousemask x="555" y="2896"/>
</scratch>

# levels

<slider chan="1" action="gain" orientation="round" dblclick="reset" rightclick="auto">
	<size width="26" height="22"/>
	<pos x="378" y="194"/>
	<fader sensibility="100">
		<pos x="3" y="2914" nb="21"/>
	</fader>
</slider>

<textzone chan="1">
	<size width="30" height="9"/>
	<pos x="376" y="179"/>
	<text font="Verdana" size="9" color="#FFFFFF" align="center" format="%Plevel dB"/>
</textzone>

<visual chan="1" type="linear" source="vumeterleft" orientation="vertical" direction="up">
	<size width="8" height="129"/>
	<pos x="384" y="232"/>
	<down x="+0" y="+768"/>
</visual>
<visual chan="1" type="linear" source="vumeterright" orientation="vertical" direction="up">
	<size width="8" height="129"/>
	<pos x="392" y="232"/>
	<down x="+0" y="+768"/>
</visual>


***************************************************************************************

	CHANNEL 2

***************************************************************************************

<dropzone chan="2">
	<size width="512" height="395"/>
	<pos x="512" y="20"/>
</dropzone>

## title

<textzone chan="2">
	<size width="344" height="20" geterrormessage="true"/>
	<pos x="669" y="110"/>
	<text font="Verdana" size="20" color="#FFFFFF" align="right" format="%author - %title" scroll="yes"/>
</textzone>

<textzone chan="2">
	<size width="65" height="16"/>
	<pos x="551" y="115"/>
	<text font="Verdana" size="16" color="#FFFFFF" weight="bold" align="left" format="%Pspent"><icon><size width="40" height="7"/><pos x="565" y="109"/><down x="+0" y="+768"/></icon></text>
	<text2 font="Verdana" size="16" color="#FFFFFF" weight="bold" align="left" format="%Pleft"><icon><size width="35" height="7"/><pos x="551" y="109"/><down x="+0" y="+1536"/></icon></text2>
</textzone>

<textzone chan="2">
	<size width="45" height="16"/>
	<pos x="616" y="115"/>
	<text font="Verdana" size="16" color="#FFFFFF" weight="bold" align="right" format="%Pbpm"><icon><size width="19" height="7"/><pos x="641" y="109"/><down x="+0" y="+768"/></icon></text>
	<text2 font="Verdana" size="16" color="#FFFFFF"  weight="bold" align="right" format="%Ppitch"><icon><size width="27" height="7"/><pos x="633" y="109"/><down x="+0" y="+1536"/></icon></text2>
</textzone>

## select

<button action="select" chan="2">
	<pos x="978" y="135"/>
	<size width="37" height="28"/>
	<selected x="+0" y="+768"/>
	<over x="+0" y="+1536"/>
	<down x="+0" y="+2304"/>
</button>

## songpos

<songpos chan="2" orientation="horizontal" rightclick="temporary" waveform="yes">
	<pos x="620" y="137"/>
	<size width="356" height="24"/>
	<volume x="23" y="2747"/>
	<down x="23" y="2780"/>
	<selected x="391" y="2747"/>
	<volumeselected x="391" y="2780"/>
	<upselected x="391" y="2813"/>
	<cues>
	  <size width="7" height="24"/>
	  <up x="701" y="2946"/>
	  <clipmask x="711" y="2946"/>
	  <over x="701" y="2973"/>
	  <down x="711" y="2973"/>
	</cues>
</songpos>

## pitch

<slider action="pitch" chan="2" orientation="vertical" dblclick="reset" rightclick="temporary" direction="down">
	<size width="13" height="183"/>
	<pos x="986" y="181"/>
	<fader>
		<size width="13" height="9"/>
		<pos x="986" y="1012"/>
	</fader>
</slider>

<button action="pitch_reset" chan="2" dblclick="reset" rightclick="reset">
	<pos x="1000" y="267"/>
	<size width="16" height="13"/>
	<selected x="+0" y="+768"/>
	<over x="+0" y="+1536"/>
	<down x="+0" y="+2304"/>
</button>

## sampler

<button action="sample_play" chan="2" rightclick="temporary">
	<pos x="780" y="191"/>
	<size width="81" height="17"/>
	<selected x="+0" y="+768"/>
	<over x="+0" y="+1536"/>
	<down x="+0" y="+2304"/>
	<text dx="3" dy="3" width="61" font="Virtual DJ" size="10" color="#FFFFFF" align="center" format="%mainsample" scroll="yes"/>
</button>
<button action="sample_select" chan="2">
	<pos x="844" y="192"/>
	<size width="17" height="15"/>
</button>

<visual chan="2" type="linear" source="sample" orientation="horizontal">
	<pos x="781" y="215"/>
	<size width="78" height="6"/>
	<down x="+0" y="+768"/>
</visual>

<button action="sample_rec_loop" chan="2">
	<pos x="778" y="227"/>
	<size width="38" height="23"/>
	<selected x="+0" y="+768"/>
	<over x="+0" y="+1536"/>
	<down x="+0" y="+2304"/>
</button>
	
<slider chan="2" action="sample_volume" orientation="round">
	<size width="26" height="22"/>
	<pos x="827" y="228"/>
	<fader sensibility="100">
		<pos x="3" y="2942" nb="21"/>
	</fader>
</slider>

## effects

<button action="effect_activate" chan="2" rightclick="temporary">
	<pos x="898" y="191"/>
	<size width="81" height="17"/>
	<selected x="+0" y="+768"/>
	<over x="+0" y="+1536"/>
	<down x="+0" y="+2304"/>
	<text dx="3" dy="3" width="61" font="Virtual DJ" size="10" color="#FFFFFF" align="center" format="%maineffect" scroll="yes"/>
</button>
<button action="effect_select" chan="2">
	<pos x="962" y="192"/>
	<size width="17" height="15"/>
</button>

<slider chan="2" action="effect_slider_1" orientation="round">
	<pos x="902" y="223"/>
	<size width="26" height="22"/>
	<fader sensibility="100">
		<pos x="3" y="2942" nb="21"/>
	</fader>
</slider>

<slider chan="2" action="effect_slider_2" orientation="round">
	<pos x="948" y="223"/>
	<size width="26" height="22"/>
	<fader sensibility="100">
		<pos x="3" y="2942" nb="21"/>
	</fader>
</slider>

## loops

<button action="loop_in" value="auto" chan="2">
	<pos x="786" y="293"/>
	<size width="58" height="29"/>
	<selected x="+0" y="+768"/>
	<over x="+0" y="+1536"/>
	<down x="+0" y="+2304"/>
</button>

<button action="loop_out" value="auto" chan="2">
	<pos x="844" y="293"/>
	<size width="58" height="29"/>
	<selected x="+0" y="+768"/>
	<over x="+0" y="+1536"/>
	<down x="+0" y="+2304"/>
</button>

<slider chan="2" action="loop_move" relative="yes" orientation="round">
	<size width="26" height="26"/>
	<pos x="909" y="289"/>
	<fader move="circ">
		<pos x="3" y="2998" nb="24"/>
	</fader>
</slider>

<button action="smart_loop" chan="2">
	<pos x="953" y="293"/>
	<size width="16" height="18"/>
	<selected x="+0" y="+768"/>
	<over x="+0" y="+1536"/>
	<down x="+0" y="+2304"/>
</button>

<button action="loop" value="-1" chan="2">
	<pos x="781" y="330"/>
	<size width="22" height="29"/>
	<selected x="+0" y="+768"/>
	<over x="+0" y="+1536"/>
	<down x="+0" y="+2304"/>
</button>

<button action="loop" value="25" chan="2" rightclick="temporary">
	<pos x="803" y="330"/>
	<size width="21" height="29"/>
	<selected x="+0" y="+768"/>
	<over x="+0" y="+1536"/>
	<down x="+0" y="+2304"/>
</button>

<button action="loop" value="50" chan="2" rightclick="temporary">
	<pos x="824" y="330"/>
	<size width="22" height="29"/>
	<selected x="+0" y="+768"/>
	<over x="+0" y="+1536"/>
	<down x="+0" y="+2304"/>
</button>

<button action="loop" value="1" chan="2" rightclick="temporary">
	<pos x="846" y="330"/>
	<size width="21" height="29"/>
	<selected x="+0" y="+768"/>
	<over x="+0" y="+1536"/>
	<down x="+0" y="+2304"/>
</button>

<button action="loop" value="2" chan="2" rightclick="temporary">
	<pos x="867" y="330"/>
	<size width="22" height="29"/>
	<selected x="+0" y="+768"/>
	<over x="+0" y="+1536"/>
	<down x="+0" y="+2304"/>
</button>

<button action="loop" value="4" chan="2" rightclick="temporary">
	<pos x="889" y="330"/>
	<size width="22" height="29"/>
	<selected x="+0" y="+768"/>
	<over x="+0" y="+1536"/>
	<down x="+0" y="+2304"/>
</button>

<button action="loop" value="8" chan="2" rightclick="temporary">
	<pos x="911" y="330"/>
	<size width="22" height="29"/>
	<selected x="+0" y="+768"/>
	<over x="+0" y="+1536"/>
	<down x="+0" y="+2304"/>
</button>

<button action="loop" value="16" chan="2" rightclick="temporary">
	<pos x="933" y="330"/>
	<size width="23" height="29"/>
	<selected x="+0" y="+768"/>
	<over x="+0" y="+1536"/>
	<down x="+0" y="+2304"/>
</button>

<button action="loop" value="+1" chan="2">
	<pos x="956" y="330"/>
	<size width="22" height="29"/>
	<selected x="+0" y="+768"/>
	<over x="+0" y="+1536"/>
	<down x="+0" y="+2304"/>
</button>

## hotcues

<button action="hotcue" value="1" rightclick="auto" chan="2">
	<pos x="659" y="334"/>
	<size width="33" height="25"/>
	<selected x="+0" y="+768"/>
	<over x="+0" y="+1536"/>
	<down x="+0" y="+2304"/>
</button>

<button action="hotcue" value="2" rightclick="auto" chan="2">
	<pos x="693" y="334"/>
	<size width="33" height="25"/>
	<selected x="+0" y="+768"/>
	<over x="+0" y="+1536"/>
	<down x="+0" y="+2304"/>
</button>

<button action="hotcue" value="3" rightclick="auto" chan="2">
	<pos x="728" y="334"/>
	<size width="33" height="25"/>
	<selected x="+0" y="+768"/>
	<over x="+0" y="+1536"/>
	<down x="+0" y="+2304"/>
</button>

## play/pause

<button action="cue_stop" chan="2" rightclick="auto">
	<pos x="657" y="375"/>
	<size width="72" height="30"/>
	<selected x="+0" y="+768"/>
	<over x="+0" y="+1536"/>
	<down x="+0" y="+2304"/>
</button>

<button action="pause_stop" chan="2" rightclick="auto">
	<pos x="729" y="375"/>
	<size width="72" height="30"/>
	<selected x="+0" y="+768"/>
	<over x="+0" y="+1536"/>
	<down x="+0" y="+2304"/>
</button>

<button action="play_stutter" chan="2" rightclick="auto">
	<pos x="801" y="375"/>
	<size width="72" height="30"/>
	<selected x="+0" y="+768"/>
	<over x="+0" y="+1536"/>
	<down x="+0" y="+2304"/>
</button>

<button action="sync" chan="2" rightclick="auto">
	<pos x="887" y="375"/>
	<size width="49" height="30"/>
	<selected x="+0" y="+768"/>
	<over x="+0" y="+1536"/>
	<down x="+0" y="+2304"/>
</button>

<button action="pitch_bend" chan="2" value="-256 temporary">
	<pos x="946" y="378"/>
	<size width="32" height="24"/>
	<selected x="+0" y="+768"/>
	<over x="+0" y="+1536"/>
	<down x="+0" y="+2304"/>
</button>

<button action="pitch_bend" chan="2" value="+256 temporary">
	<pos x="980" y="378"/>
	<size width="33" height="24"/>
	<selected x="+0" y="+768"/>
	<over x="+0" y="+1536"/>
	<down x="+0" y="+2304"/>
</button>


# turntable

<button action="key_lock" chan="2">
	<pos x="950" y="403"/>
	<size width="60" height="16"/>
	<selected x="+0" y="+768"/>
	<over x="+0" y="+1536"/>
	<down x="+0" y="+2304"/>
</button>

<pannel id="43" visible="timecode">
  <size width="35" height="30"/>
  <pos x="735" y="278"/>
  <up x="735" y="278"/>
  <down x="675" y="2865"/>
</pannel>
<button pannel="43" action="timecode_active" chan="2">
	<pos x="746" y="283"/>
	<size width="16" height="16"/>
	<up x="-60" y="+2587"/>
	<selected x="+0" y="+768"/>
	<over x="+0" y="+1536"/>
	<down x="+0" y="+2304"/>
</button>
<visual pannel="43" chan="2" type="linear" source="timecode" orientation="horizontal">
	<pos x="749" y="301"/>
	<size width="21" height="7"/>
	<up x="-60" y="+2587"/>
	<down x="+0" y="+768"/>
</visual>

<visual chan="2" type="rotation" source="rotation">
	<size width="32" height="32"/>
	<pos x="693" y="231"/>
	<down x="659" y="2946"/>
	<clipmask x="659" y="2913"/>
</visual>

<visual chan="2" type="transparent" source="rotation" factor="-3">
	<size width="98" height="98"/>
	<pos x="660" y="198"/>
	<down x="+0" y="+768"/>
	<clipmask x="735" y="2855"/>
</visual>

<visual chan="2" type="custom" source="position">
	<size width="98" height="71"/>
	<pos x="657" y="172"/>
	<down x="0" y="3336" nb="20" nbx="10" smooth="true"/>
	<clipmask x="735" y="2953"/>
</visual>

<scratch chan="2">
	<size width="98" height="98"/>
	<pos x="660" y="198"/>
	<mousemask x="555" y="2896"/>
</scratch>

# levels

<slider chan="2" action="gain" orientation="round" dblclick="reset" rightclick="auto">
	<pos x="619" y="194"/>
	<size width="26" height="22"/>
	<fader sensibility="100">
		<pos x="3" y="2914" nb="21"/>
	</fader>
</slider>

<textzone chan="2">
	<size width="30" height="9"/>
	<pos x="617" y="179"/>
	<text font="Verdana" size="9" color="#FFFFFF" align="center" format="%Plevel dB"/>
</textzone>

<visual chan="2" type="linear" source="vumeterleft" orientation="vertical" direction="up">
	<pos x="624" y="232"/>
	<size width="8" height="129"/>
	<down x="+0" y="+768"/>
</visual>
<visual chan="2" type="linear" source="vumeterright" orientation="vertical" direction="up">
	<pos x="632" y="232"/>
	<size width="8" height="129"/>
	<down x="+0" y="+768"/>
</visual>



***************************************************************************************

	VIDEO

***************************************************************************************

<video source="master">
  <pos x="412" y="137"/>
  <size width="200" height="150"/>
</video>

<video source="channel" chan="1">
  <pos x="412" y="295"/>
  <size width="91" height="68"/>
</video>
<button action="video_trans" chan="1" dblclick="reset" rightclick="temporary reset">
  <pos x="412" y="295"/>
  <size width="91" height="68"/>
</button>

<video source="channel" chan="2">
  <pos x="521" y="295"/>
  <size width="91" height="68"/>
</video>
<button action="video_trans" chan="2" dblclick="reset" rightclick="temporary reset">
  <pos x="521" y="295"/>
  <size width="91" height="68"/>
</button>

<slider action="video_crossfade" orientation="round">
	<pos x="390" y="375"/>
	<size width="26" height="22"/>
	<fader sensibility="100">
		<pos x="3" y="2970" nb="21"/>
	</fader>
</slider>

<button action="video_trans" rightclick="temporary">
	<pos x="424" y="384"/>
	<size width="82" height="17"/>
	<selected x="+0" y="+768"/>
	<over x="+0" y="+1536"/>
	<down x="+0" y="+2304"/>
	<text dx="3" dy="3" width="61" font="Virtual DJ" size="10" color="#FFFFFF" align="center" format="%videotransition" scroll="yes"/>
</button>
<button action="video_select_trans">
	<pos x="489" y="385"/>
	<size width="17" height="15"/>
</button>

<button action="video_fx" rightclick="temporary">
	<pos x="518" y="384"/>
	<size width="82" height="17"/>
	<selected x="+0" y="+768"/>
	<over x="+0" y="+1536"/>
	<down x="+0" y="+2304"/>
	<text dx="3" dy="3" width="61" font="Virtual DJ" size="10" color="#FFFFFF" align="center" format="%videofx" scroll="yes"/>
</button>
<button action="video_select_fx">
	<pos x="583" y="385"/>
	<size width="17" height="15"/>
</button>

<slider action="video_fx_param" orientation="round">
	<pos x="610" y="375"/>
	<size width="26" height="22"/>
	<fader sensibility="100">
		<pos x="3" y="2970" nb="21"/>
	</fader>
</slider>


***************************************************************************************

	BROWSER

***************************************************************************************

	<button action="menu" value="0">
		<size width="96" height="15"/>
		<pos x="283" y="417"/>
		<selected x="+0" y="+768"/>
		<over x="+0" y="+1536"/>
		<down x="+0" y="+2304"/>
		<standby x="+0" y="+768"/>
	</button>
	<button action="menu" value="1">
		<size width="96" height="15"/>
		<pos x="404" y="417"/>
		<selected x="+0" y="+768"/>
		<over x="+0" y="+1536"/>
		<down x="+0" y="+2304"/>
		<standby x="+0" y="+768"/>
	</button>
	<button action="menu" value="2">
		<size width="96" height="15"/>
		<pos x="525" y="417"/>
		<selected x="+0" y="+768"/>
		<over x="+0" y="+1536"/>
		<down x="+0" y="+2304"/>
		<standby x="+0" y="+768"/>
	</button>
	<button action="menu" value="3">
		<size width="96" height="15"/>
		<pos x="646" y="417"/>
		<selected x="+0" y="+768"/>
		<over x="+0" y="+1536"/>
		<down x="+0" y="+2304"/>
		<standby x="+0" y="+768"/>
	</button>

	<browser>
		<size width="1001" height="321"/>
		<pos x="12" y="436"/>
		<text font="Verdana" size="13" color="#FFFFFF" selected="#000080" stripes="#181818"/>
		<options font="Tahoma" size="13" color="#FFFFFF" over="#99DDFF"/>
		<widgets font="Virtual DJ" size="10" color="#99DDFF"
			facecolor="transparent"
			lightcolor="#808080" 
			shadowcolor="#606060" 
			darkshadowcolor="transparent" 
			highlightcolor="transparent" 
			trackcolor1="transparent" 
			trackcolor2="transparent"
		/>
		<customicons x="0" y="3026"/>
		<custombuttons x="188" y="3026"/>
	</browser>

	<tooltip font="Virtual DJ" size="10" color="#FFFFFF" back="#000000" shortcut="#808080"/>

</Skin>
